Yousuf,0
Taha,0
Taha,40
Taha,254
Taha,254
Sir Hammad,460
Yousuf Again,302
Abdulah,329
Abdulah,329
Abdullah,292
Abdullah,292
yousuf,432
yousuf,432
Yousuf,196
Taha,535
Taha,535
Op,1935
Op,514
Op,514
Taha,2413
Taha,1543
Gaha,2637
Taha,1397
Taha,589
Taha,589
Taha,572
Taha,572
taha,928
taha,928
Taha,2790
Taha,512
Taha,512
Taha,2575
Taha,431
Taha,431
Taha,2841
Taha,2841
Taha,2333
Taha,2333
Taha,2254
Taha,2254
Taha,2672
Taha,2672
Taha,3001
Taha,3001
Taha,4238
Taha,4238
Taha,2725
Taha,2725
Taha,3815
Taha,3815
Taha,2343
Taha,2343
Taha,4451
Taha,4451
taha,1384
taha,1384
taha,2180
taha,2180
taha,1361
taha,1361
Taha,468
Taha,468
Taha,2416
Taha,2416
Taha,467
Taha,467
